{
  "post_collaborative_filtering": {
    "rmse": 2.633340826995443,
    "precision@10": 0.1,
    "recall@10": 0.014688609954413179,
    "f1@10": 0.025614766732723778
  },
  "company_recommendation": {
    "precision@5": 0.21700000000000003,
    "recall@5": 0.061158708938120705,
    "f1@5": 0.09542350760999946,
    "category_coverage": 0.055
  },
  "hybrid_score": 0.06051913717136162,
  "timestamp": "2025-06-16 13:51:32"
}