{
  "train_losses": [
    0.7235719343026479,
    0.7120164175828297,
    0.7048286577065785,
    0.6987452069918315,
    0.6974224825700124,
    0.6951897601286571,
    0.6946488122145335,
    0.6939227243264516,
    0.6938050349553426,
    0.6937068343162537,
    0.6936212499936422,
    0.6936755319436391,
    0.693388682603836,
    0.693679811557134
  ],
  "val_losses": [
    0.6931910216808319,
    0.6932041198015213,
    0.693231038749218,
    0.6932401359081268,
    0.6931703388690948,
    0.6931534558534622,
    0.6931615471839905,
    0.693161815404892,
    0.6931573078036308,
    0.6931587383151054,
    0.6931579485535622,
    0.6931562796235085,
    0.6931722611188889,
    0.6931673288345337
  ]
}